ANO;CATEGORIA;SUBCATEGORIA;CHATBOT;DATING APPS;SOCIAL MEDIA;SOCIALIZATION PLACES;NGOS;DIRECT REFERRALS
2020;Personnel;LGBTQIA + artists and speakers;44;44;44;44;44;44
2019;Personnel;Photographer;400;0;0;0;0;0
2019;Personnel;Photographer;0;0;0;300;0;0
2019;Personnel;Seamstress;150;0;0;0;0;0
2020;Personnel;LGBTQIA + artists and speakers;44;44;44;44;44;44
2021;Personnel;LGBTQIA + artists and speakers;0;0;0;160;0;0
2021;Personnel;LGBTQIA + artists and speakers;44;44;44;44;44;44
2019;Personnel;Recruitment agent and peer-educators;0;0;0;250;0;0
2020;Personnel;LGBTQIA + artists and speakers;0;0;0;460;0;0
2019;Personnel;Technical support;366.666666666667;366.666666666667;366.666666666667;366.666666666667;366.666666666667;366.666666666667
2019;Personnel;Graphic designer;500;0;0;0;0;0
2019;Personnel;Content production;0;0;1000;0;0;0
2021;Personnel;LGBTQIA + artists and speakers;26.6666666666667;26.6666666666667;26.6666666666667;26.6666666666667;26.6666666666667;26.6666666666667
2019;Personnel;LGBTQIA + artists and speakers;0;0;0;175;0;0
2019;Personnel;LGBTQIA + artists and speakers;0;0;0;350;0;0
2019;Personnel;LGBTQIA + artists and speakers;0;0;0;700;0;0
2021;Personnel;LGBTQIA + artists and speakers;41.6666666666667;41.6666666666667;41.6666666666667;41.6666666666667;41.6666666666667;41.6666666666667
2019;Personnel;LGBTQIA + artists and speakers;84.8466666666667;84.8466666666667;84.8466666666667;84.8466666666667;84.8466666666667;84.8466666666667
2019;Personnel;Marketing;900;900;900;900;900;900
2020;Personnel;LGBTQIA + artists and speakers;0;0;160;0;0;0
2020;Personnel;LGBTQIA + artists and speakers;44;44;44;44;44;44
2019;Personnel;LGBTQIA + artists and speakers;0;0;0;175;0;0
2019;Personnel;LGBTQIA + artists and speakers;600;0;0;0;0;0
2019;Personnel;Photographer;400;0;0;0;0;0
2019;Personnel;Prevention agent;0;0;0;250;0;0
2019;Personnel;Prevention agent;0;0;0;250;0;0
2019;Personnel;Counselor/nurse;500;0;0;0;0;0
2019;Personnel;Recruitment agent and peer-educators;0;0;0;250;0;0
2020;Personnel;LGBTQIA + artists and speakers;0;0;250;0;0;0
2019;Personnel;LGBTQIA + artists and speakers;200;0;0;0;0;0
2020;Personnel;LGBTQIA + artists and speakers;0;0;0;160;0;0
2019;Personnel;Press officer;5362;0;0;0;0;0
2019;Personnel;LGBTQIA + artists and speakers;600;0;0;0;0;0
2021;Personnel;LGBTQIA + artists and speakers;160;0;0;0;0;0
2019;Personnel;Illustrator;533.333333333333;533.333333333333;533.333333333333;533.333333333333;533.333333333333;533.333333333333
2019;Personnel;Illustrator;100;100;100;100;100;100
2019;Personnel;Illustrator;366.666666666667;366.666666666667;366.666666666667;366.666666666667;366.666666666667;366.666666666667
2019;Personnel;Illustrator;366.666666666667;366.666666666667;366.666666666667;366.666666666667;366.666666666667;366.666666666667
2019;Personnel;Illustrator;100;100;100;100;100;100
2019;Personnel;Illustrator;100;100;100;100;100;100
2020;Personnel;LGBTQIA + artists and speakers;44;44;44;44;44;44
2021;Personnel;LGBTQIA + artists and speakers;44;44;44;44;44;44
2019;Personnel;Recruitment agent and peer-educators;0;0;0;500;0;0
2019;Personnel;Recruitment agent and peer-educators;0;0;0;300;0;0
2019;Personnel;LGBTQIA + artists and speakers;100;100;100;100;100;100
2019;Personnel;Content production;0;0;0;600;0;0
2019;Personnel;Content production;0;0;0;600;0;0
2019;Personnel;Content production;600;0;0;0;0;0
2020;Personnel;LGBTQIA + artists and speakers;44;44;44;44;44;44
2019;Personnel;Graphic designer;358.333333333333;358.333333333333;358.333333333333;358.333333333333;358.333333333333;358.333333333333
2019;Personnel;Content production;0;0;0;900;0;0
2019;Personnel;Prevention agent;0;0;0;600;0;0
2019;Personnel;LGBTQIA + artists and speakers;84.8466666666667;84.8466666666667;84.8466666666667;84.8466666666667;84.8466666666667;84.8466666666667
2019;Personnel;Technical support;0;0;0;0;0;1015
2019;Personnel;LGBTQIA + artists and speakers;84.8466666666667;84.8466666666667;84.8466666666667;84.8466666666667;84.8466666666667;84.8466666666667
2020;Personnel;LGBTQIA + artists and speakers;44;44;44;44;44;44
2020;Personnel;LGBTQIA + artists and speakers;44;44;44;44;44;44
2021;Personnel;LGBTQIA + artists and speakers;250;0;0;0;0;0
2019;Personnel;Recruitment agent and peer-educators;0;0;0;230;0;0
2019;Personnel;Recruitment agent and peer-educators;0;0;0;887.64;0;0
2021;Materials and tests;Promotional material;0;0;0;150;0;0
2019;Materials and tests;Promotional material;0;0;0;124;0;0
2019;Materials and tests;Testing;23.2;0;69.6;162.4;0;46.4
2020;Materials and tests;Testing;162.4;3567;835.2;545.2;0;1299.2
2021;Materials and tests;Testing;23.2;2453.4;626.4;858.4;69.6;1368.8
2021;Materials and tests;Promotional material;0;0;0;473;0;0
2021;Materials and tests;Promotional material;0;0;0;487.78;0;0
2021;Materials and tests;Promotional material;0;0;0;187.5;0;0
2019;Materials and tests;Promotional material;0;0;0;834;0;0
2020;Materials and tests;Promotional material;0;13.3333333333333;13.3333333333333;13.3333333333333;0;0
2020;Materials and tests;Promotional material;0;97.2;97.2;97.2;0;0
2021;Materials and tests;Promotional material;0;168;168;168;0;0
2021;Materials and tests;Promotional material;0;0;0;0;0;600
2020;Materials and tests;Promotional material;0;0;0;0;0;208
2019;Materials and tests;Promotional material;0;146.666666666667;146.666666666667;146.666666666667;0;0
2021;Materials and tests;Promotional material;0;151.666666666667;151.666666666667;151.666666666667;0;0
2019;Materials and tests;Promotional material;0;0;0;60;0;0
2021;Materials and tests;Promotional material;0;0;0;0;0;198
2020;Materials and tests;Promotional material;0;0;0;0;0;320
2020;Materials and tests;Promotional material;0;0;0;0;0;700
2021;Materials and tests;Promotional material;0;0;0;0;0;1090
2020;Materials and tests;Promotional material;0;0;0;0;0;1341
2021;Materials and tests;Promotional material;0;0;0;0;0;4314
2019;Materials and tests;Disposable enema;3.66666666666667;0;11;25.6666666666667;0;7.33333333333333
2020;Materials and tests;Disposable enema;25.6666666666667;563.75;132;86.1666666666666;0;205.333333333333
2021;Materials and tests;Disposable enema;3.66666666666667;387.75;99;135.666666666667;11;216.333333333333
2019;Materials and tests;Promotional material;2195;0;0;0;0;0
2019;Materials and tests;Promotional material;0;0;0;2450;0;0
2021;Materials and tests;Promotional material;0;0;0;0;0;338
2020;Materials and tests;Promotional material;0;0;0;719;0;0
2021;Materials and tests;Promotional material;0;0;0;0;0;699.75
2019;Materials and tests;Lubricant;0.106666666666667;0;0.32;0.746666666666667;0;0.213333333333333
2020;Materials and tests;Lubricant;0.746666666666667;16.4;3.84;2.50666666666667;0;5.97333333333333
2021;Materials and tests;Lubricant;0.106666666666667;11.28;2.88;3.94666666666667;0.32;6.29333333333333
2020;Materials and tests;Promotional material;0;0;0;18;0;0
2021;Materials and tests;Promotional material;0;0;0;0;0;26.8
2020;Materials and tests;Promotional material;0;0;0;0;0;34
2021;Materials and tests;Promotional material;0;0;0;0;0;835
2019;Materials and tests;Promotional material;0;0;0;200;0;0
2019;Materials and tests;Promotional material;0;0;0;166.5;0;0
2021;Materials and tests;Promotional material;0;0;0;0;0;102
2021;Materials and tests;Promotional material;0;0;0;0;0;149.7
2019;Materials and tests;Promotional material;0;0;0;0;0;183.15
2019;Materials and tests;Promotional material;0;0;0;0;0;136.53
2019;Materials and tests;Condom;0.106666666666667;0;0.32;0.746666666666667;0;0.213333333333333
2020;Materials and tests;Condom;0.746666666666667;16.4;3.84;2.50666666666667;0;5.97333333333333
2021;Materials and tests;Condom;0.106666666666667;11.28;2.88;3.94666666666667;0.32;6.29333333333333
2019;Materials and tests;Condom;0.106666666666667;0;0.32;0.746666666666667;0;0.213333333333333
2020;Materials and tests;Condom;0.746666666666667;16.4;3.84;2.50666666666667;0;5.97333333333333
2021;Materials and tests;Condom;0.106666666666667;11.28;2.88;3.94666666666667;0.32;6.29333333333333
2021;Materials and tests;Promotional material;0;0;0;0;0;149.5
2021;Materials and tests;Promotional material;0;0;0;0;0;134.7
2021;IT equipment;Speaker;0;0;0;0;0;104.803493449782
2021;IT equipment;Laptop;214.531659388646;214.531659388646;214.531659388646;214.531659388646;214.531659388646;214.531659388646
2019;IT equipment;Laptop;345.434861717613;345.434861717613;345.434861717613;345.434861717613;345.434861717613;345.434861717613
2020;IT equipment;Laptop;345.434861717613;345.434861717613;345.434861717613;345.434861717613;345.434861717613;345.434861717613
2021;IT equipment;Laptop;345.434861717613;345.434861717613;345.434861717613;345.434861717613;345.434861717613;345.434861717613
2020;IT equipment;Laptop;231.740538573508;231.740538573508;231.740538573508;231.740538573508;231.740538573508;231.740538573508
2021;IT equipment;Laptop;231.740538573508;231.740538573508;231.740538573508;231.740538573508;231.740538573508;231.740538573508
2020;IT equipment;Laptop;231.740538573508;231.740538573508;231.740538573508;231.740538573508;231.740538573508;231.740538573508
2021;IT equipment;Laptop;231.740538573508;231.740538573508;231.740538573508;231.740538573508;231.740538573508;231.740538573508
2020;IT equipment;Smartphone;43.9614264919942;43.9614264919942;43.9614264919942;43.9614264919942;43.9614264919942;43.9614264919942
2021;IT equipment;Smartphone;43.9614264919942;43.9614264919942;43.9614264919942;43.9614264919942;43.9614264919942;43.9614264919942
2020;IT equipment;Smartphone;43.9614264919942;43.9614264919942;43.9614264919942;43.9614264919942;43.9614264919942;43.9614264919942
2021;IT equipment;Smartphone;43.9614264919942;43.9614264919942;43.9614264919942;43.9614264919942;43.9614264919942;43.9614264919942
2020;IT equipment;Smartphone;43.9614264919942;43.9614264919942;43.9614264919942;43.9614264919942;43.9614264919942;43.9614264919942
2021;IT equipment;Smartphone;43.9614264919942;43.9614264919942;43.9614264919942;43.9614264919942;43.9614264919942;43.9614264919942
2019;IT equipment;Smartphone;30.7933042212518;30.7933042212518;30.7933042212518;30.7933042212518;30.7933042212518;30.7933042212518
2020;IT equipment;Smartphone;30.7933042212518;30.7933042212518;30.7933042212518;30.7933042212518;30.7933042212518;30.7933042212518
2021;IT equipment;Smartphone;30.7933042212518;30.7933042212518;30.7933042212518;30.7933042212518;30.7933042212518;30.7933042212518
2019;IT equipment;Smartphone;30.7933042212518;30.7933042212518;30.7933042212518;30.7933042212518;30.7933042212518;30.7933042212518
2020;IT equipment;Smartphone;30.7933042212518;30.7933042212518;30.7933042212518;30.7933042212518;30.7933042212518;30.7933042212518
2021;IT equipment;Smartphone;30.7933042212518;30.7933042212518;30.7933042212518;30.7933042212518;30.7933042212518;30.7933042212518
2019;IT equipment;Smartphone;30.7933042212518;30.7933042212518;30.7933042212518;30.7933042212518;30.7933042212518;30.7933042212518
2020;IT equipment;Smartphone;30.7933042212518;30.7933042212518;30.7933042212518;30.7933042212518;30.7933042212518;30.7933042212518
2021;IT equipment;Smartphone;30.7933042212518;30.7933042212518;30.7933042212518;30.7933042212518;30.7933042212518;30.7933042212518
2021;IT equipment;Smartphone;65.4694323144105;65.4694323144105;65.4694323144105;65.4694323144105;65.4694323144105;65.4694323144105
2021;IT equipment;Smartphone;45.8187772925764;45.8187772925764;45.8187772925764;45.8187772925764;45.8187772925764;45.8187772925764
2019;IT equipment;Tablet;46.6157205240175;46.6157205240175;46.6157205240175;46.6157205240175;46.6157205240175;46.6157205240175
2020;IT equipment;Tablet;46.6157205240175;46.6157205240175;46.6157205240175;46.6157205240175;46.6157205240175;46.6157205240175
2021;IT equipment;Tablet;46.6157205240175;46.6157205240175;46.6157205240175;46.6157205240175;46.6157205240175;46.6157205240175
2019;IT equipment;Tablet;46.6157205240175;46.6157205240175;46.6157205240175;46.6157205240175;46.6157205240175;46.6157205240175
2020;IT equipment;Tablet;46.6157205240175;46.6157205240175;46.6157205240175;46.6157205240175;46.6157205240175;46.6157205240175
2021;IT equipment;Tablet;46.6157205240175;46.6157205240175;46.6157205240175;46.6157205240175;46.6157205240175;46.6157205240175
2020;IT equipment;Tablet;36.546943231441;36.546943231441;36.546943231441;36.546943231441;36.546943231441;36.546943231441
2021;IT equipment;Tablet;36.546943231441;36.546943231441;36.546943231441;36.546943231441;36.546943231441;36.546943231441
2020;IT equipment;Tablet;36.546943231441;36.546943231441;36.546943231441;36.546943231441;36.546943231441;36.546943231441
2021;IT equipment;Tablet;36.546943231441;36.546943231441;36.546943231441;36.546943231441;36.546943231441;36.546943231441
2019;IT equipment;Laptop;101.494905385735;101.494905385735;101.494905385735;101.494905385735;101.494905385735;101.494905385735
2020;IT equipment;Laptop;101.494905385735;101.494905385735;101.494905385735;101.494905385735;101.494905385735;101.494905385735
2021;IT equipment;Laptop;101.494905385735;101.494905385735;101.494905385735;101.494905385735;101.494905385735;101.494905385735
2019;IT equipment;Laptop;172.549126637555;172.549126637555;172.549126637555;172.549126637555;172.549126637555;172.549126637555
2020;IT equipment;Laptop;172.549126637555;172.549126637555;172.549126637555;172.549126637555;172.549126637555;172.549126637555
2021;IT equipment;Laptop;172.549126637555;172.549126637555;172.549126637555;172.549126637555;172.549126637555;172.549126637555
2021;IT equipment;Laptop;250.659388646288;250.659388646288;250.659388646288;250.659388646288;250.659388646288;250.659388646288
2021;IT equipment;Laptop;214.56768558952;214.56768558952;214.56768558952;214.56768558952;214.56768558952;214.56768558952
2019;IT equipment;Laptop;215.396288209607;215.396288209607;215.396288209607;215.396288209607;215.396288209607;215.396288209607
2020;IT equipment;Laptop;215.396288209607;215.396288209607;215.396288209607;215.396288209607;215.396288209607;215.396288209607
2021;IT equipment;Laptop;215.396288209607;215.396288209607;215.396288209607;215.396288209607;215.396288209607;215.396288209607
2021;IT equipment;Laptop;217.964701601164;217.964701601164;217.964701601164;217.964701601164;217.964701601164;217.964701601164
2019;IT equipment;Laptop;293.705240174672;293.705240174672;293.705240174672;293.705240174672;293.705240174672;293.705240174672
2020;IT equipment;Laptop;293.705240174672;293.705240174672;293.705240174672;293.705240174672;293.705240174672;293.705240174672
2021;IT equipment;Laptop;293.705240174672;293.705240174672;293.705240174672;293.705240174672;293.705240174672;293.705240174672
2020;IT equipment;Laptop;231.740538573508;231.740538573508;231.740538573508;231.740538573508;231.740538573508;231.740538573508
2021;IT equipment;Laptop;231.740538573508;231.740538573508;231.740538573508;231.740538573508;231.740538573508;231.740538573508
2019;IT equipment;Tablet;46.6157205240175;46.6157205240175;46.6157205240175;46.6157205240175;46.6157205240175;46.6157205240175
2020;IT equipment;Tablet;46.6157205240175;46.6157205240175;46.6157205240175;46.6157205240175;46.6157205240175;46.6157205240175
2021;IT equipment;Tablet;46.6157205240175;46.6157205240175;46.6157205240175;46.6157205240175;46.6157205240175;46.6157205240175
2019;IT equipment;Tablet;46.6157205240175;46.6157205240175;46.6157205240175;46.6157205240175;46.6157205240175;46.6157205240175
2020;IT equipment;Tablet;46.6157205240175;46.6157205240175;46.6157205240175;46.6157205240175;46.6157205240175;46.6157205240175
2021;IT equipment;Tablet;46.6157205240175;46.6157205240175;46.6157205240175;46.6157205240175;46.6157205240175;46.6157205240175
2020;IT equipment;Modem;6.54657933042213;6.54657933042213;6.54657933042213;6.54657933042213;6.54657933042213;6.54657933042213
2021;IT equipment;Modem;6.54657933042213;6.54657933042213;6.54657933042213;6.54657933042213;6.54657933042213;6.54657933042213
2020;IT equipment;Modem;6.54657933042213;6.54657933042213;6.54657933042213;6.54657933042213;6.54657933042213;6.54657933042213
2021;IT equipment;Modem;6.54657933042213;6.54657933042213;6.54657933042213;6.54657933042213;6.54657933042213;6.54657933042213
2021;IT equipment;Modem;6.54657933042213;6.54657933042213;6.54657933042213;6.54657933042213;6.54657933042213;6.54657933042213
2021;IT equipment;Modem;6.54657933042213;6.54657933042213;6.54657933042213;6.54657933042213;6.54657933042213;6.54657933042213
2021;IT equipment;Modem;6.54657933042213;6.54657933042213;6.54657933042213;6.54657933042213;6.54657933042213;6.54657933042213
2021;IT equipment;Modem;6.54657933042213;6.54657933042213;6.54657933042213;6.54657933042213;6.54657933042213;6.54657933042213
2021;IT equipment;Modem;6.54657933042213;6.54657933042213;6.54657933042213;6.54657933042213;6.54657933042213;6.54657933042213
2021;IT equipment;Modem;6.54657933042213;6.54657933042213;6.54657933042213;6.54657933042213;6.54657933042213;6.54657933042213
2021;IT equipment;Modem;6.54657933042213;6.54657933042213;6.54657933042213;6.54657933042213;6.54657933042213;6.54657933042213
2021;IT equipment;Modem;6.54657933042213;6.54657933042213;6.54657933042213;6.54657933042213;6.54657933042213;6.54657933042213
2020;IT equipment;SIM cards;1.09170305676856;1.09170305676856;1.09170305676856;1.09170305676856;1.09170305676856;1.09170305676856
2021;IT equipment;SIM cards;1.09170305676856;1.09170305676856;1.09170305676856;1.09170305676856;1.09170305676856;1.09170305676856
2021;IT equipment;SIM cards;1.09170305676856;1.09170305676856;1.09170305676856;1.09170305676856;1.09170305676856;1.09170305676856
2020;Subscriptions and boosts;Office suite;35.8333333333333;35.8333333333333;35.8333333333333;35.8333333333333;35.8333333333333;35.8333333333333
2020;Subscriptions and boosts;Social media;0;169.99;0;0;0;0
2020;Subscriptions and boosts;Social media;0;74.9;0;0;0;0
2020;Subscriptions and boosts;Social media;0;7.9;0;0;0;0
2020;Subscriptions and boosts;Social media;0;280.13;0;0;0;0
2020;Subscriptions and boosts;Social media;0;74.97;0;0;0;0
2020;Subscriptions and boosts;Social media;0;74.97;0;0;0;0
2021;Subscriptions and boosts;Social media;0;149.94;0;0;0;0
2021;Subscriptions and boosts;Social media;0;74.97;0;0;0;0
2021;Subscriptions and boosts;Social media;0;6.99;0;0;0;0
2021;Subscriptions and boosts;Social media;0;81.96;0;0;0;0
2021;Subscriptions and boosts;Social media;0;149.99;0;0;0;0
2021;Subscriptions and boosts;Social media;0;74.97;0;0;0;0
2021;Subscriptions and boosts;Social media;0;74.97;0;0;0;0
2019;Subscriptions and boosts;Office suite;94.5;94.5;94.5;94.5;94.5;94.5
2019;Personnel;Technical support;70.83;70.83;70.83;70.83;70.83;70.83
2021;Subscriptions and boosts;Phone plan;10;10;10;10;10;10
2020;Subscriptions and boosts;Phone plan;2.5;2.5;2.5;2.5;2.5;2.5
2020;Subscriptions and boosts;Phone plan;2.5;2.5;2.5;2.5;2.5;2.5
2020;Subscriptions and boosts;Phone plan;2.5;2.5;2.5;2.5;2.5;2.5
2020;Subscriptions and boosts;Phone plan;2.5;2.5;2.5;2.5;2.5;2.5
2020;Subscriptions and boosts;Phone plan;3.33333333333333;3.33333333333333;3.33333333333333;3.33333333333333;3.33333333333333;3.33333333333333
2020;Subscriptions and boosts;Phone plan;3.33333333333333;3.33333333333333;3.33333333333333;3.33333333333333;3.33333333333333;3.33333333333333
2021;Subscriptions and boosts;Phone plan;43.1683333333333;43.1683333333333;43.1683333333333;43.1683333333333;43.1683333333333;43.1683333333333
2021;Subscriptions and boosts;Phone plan;26.6966666666667;26.6966666666667;26.6966666666667;26.6966666666667;26.6966666666667;26.6966666666667
2021;Subscriptions and boosts;Phone plan;46.5833333333333;46.5833333333333;46.5833333333333;46.5833333333333;46.5833333333333;46.5833333333333
2021;Subscriptions and boosts;Phone plan;26.6;26.6;26.6;26.6;26.6;26.6
2021;Subscriptions and boosts;Phone plan;46.5833333333333;46.5833333333333;46.5833333333333;46.5833333333333;46.5833333333333;46.5833333333333
2021;Subscriptions and boosts;Phone plan;26.6966666666667;26.6966666666667;26.6966666666667;26.6966666666667;26.6966666666667;26.6966666666667
2021;Subscriptions and boosts;Phone plan;46.6016666666667;46.6016666666667;46.6016666666667;46.6016666666667;46.6016666666667;46.6016666666667
2021;Subscriptions and boosts;Phone plan;26.6;26.6;26.6;26.6;26.6;26.6
2021;Subscriptions and boosts;Phone plan;26.6;26.6;26.6;26.6;26.6;26.6
2021;Subscriptions and boosts;Phone plan;26.6;26.6;26.6;26.6;26.6;26.6
2020;Transportation and dispatch;Transportation;0;0;0;9.2;0;0
2020;Transportation and dispatch;Transportation;0;0;0;10.8;0;0
2020;Transportation and dispatch;Transportation;0;0;0;14.03;0;0
2020;Transportation and dispatch;Transportation;0;0;0;7;0;0
2021;Transportation and dispatch;Transportation;0;0;0;0;0;71.08
2021;Transportation and dispatch;Transportation;0;0;0;0;0;70.77
2021;Transportation and dispatch;Transportation;0;0;0;0;0;17.18
2021;Transportation and dispatch;Transportation;0;0;0;0;0;54.09
2021;Transportation and dispatch;Transportation;0;0;0;0;0;67.08
2021;Transportation and dispatch;Transportation;0;0;0;0;0;60.67
2021;Transportation and dispatch;Transportation;0;0;0;0;0;14.13
2021;Transportation and dispatch;Transportation;0;0;0;0;0;104.97
2021;Transportation and dispatch;Transportation;0;0;0;0;0;59.35
2021;Transportation and dispatch;Transportation;0;0;0;0;0;7.61
2021;Transportation and dispatch;Transportation;0;0;0;0;0;130.65
2021;Transportation and dispatch;Transportation;0;0;0;0;0;6.57
2021;Transportation and dispatch;Transportation;0;0;0;0;0;69.16
2021;Transportation and dispatch;Transportation;0;0;0;0;0;6.57
2021;Transportation and dispatch;Transportation;0;0;0;0;0;12.53
2021;Transportation and dispatch;Transportation;0;0;0;0;0;10.4
2021;Transportation and dispatch;Transportation;0;0;0;0;0;65.56
2020;Transportation and dispatch;Transportation;0;0;0;9.6;0;0
2019;Transportation and dispatch;Dispatch;0;0;0;19.8;0;0
2019;Transportation and dispatch;Dispatch;0;0;0;811.8;0;0
2019;Transportation and dispatch;Dispatch;0;0;0;19.9;0;0
2019;Transportation and dispatch;Dispatch;0;0;0;60.5;0;0
2019;Transportation and dispatch;Dispatch;0;0;0;37.4;0;0
2020;Transportation and dispatch;Dispatch;0;0;0;109.5;0;0
2020;Transportation and dispatch;Dispatch;0;0;0;84;0;0
2020;Transportation and dispatch;Dispatch;0;0;0;21;0;0
2020;Transportation and dispatch;Dispatch;0;0;0;45;0;0
2020;Transportation and dispatch;Dispatch;0;0;0;45;0;0
2020;Transportation and dispatch;Dispatch;0;0;0;45;0;0
2020;Transportation and dispatch;Dispatch;0;0;0;147;0;0
2020;Transportation and dispatch;Dispatch;0;0;0;133.5;0;0
2020;Transportation and dispatch;Dispatch;0;0;0;90;0;0
2020;Transportation and dispatch;Dispatch;0;0;0;21;0;0
2020;Transportation and dispatch;Dispatch;0;0;0;109.5;0;0
2020;Transportation and dispatch;Dispatch;0;0;0;93.7;0;0
2020;Transportation and dispatch;Dispatch;0;0;0;90;0;0
2020;Transportation and dispatch;Dispatch;0;0;0;63;0;0
2020;Transportation and dispatch;Dispatch;0;0;0;88.5;0;0
2020;Transportation and dispatch;Dispatch;0;0;0;22.5;0;0
2021;Transportation and dispatch;Dispatch;0;0;0;90;0;0
2021;Transportation and dispatch;Dispatch;0;0;0;68.3;0;0
2021;Transportation and dispatch;Dispatch;0;0;0;79.6;0;0
2021;Transportation and dispatch;Dispatch;0;0;0;63;0;0
2021;Transportation and dispatch;Dispatch;0;0;0;43.5;0;0
2021;Transportation and dispatch;Dispatch;0;0;0;21;0;0
2021;Transportation and dispatch;Dispatch;0;0;0;189.7;0;0
2021;Transportation and dispatch;Dispatch;0;0;0;105;0;0
2021;Transportation and dispatch;Dispatch;0;0;0;0;0;19.5
2021;Transportation and dispatch;Dispatch;0;0;0;209.4;0;0
2021;Transportation and dispatch;Dispatch;0;0;0;96;0;0
2021;Transportation and dispatch;Dispatch;0;0;0;112.8;0;0
2021;Transportation and dispatch;Dispatch;0;0;0;21;0;0
2021;Transportation and dispatch;Dispatch;0;0;0;84;0;0
2021;Transportation and dispatch;Dispatch;0;0;0;87;0;0
2019;Transportation and dispatch;Transportation;0;0;0;8.51;0;0
2019;Transportation and dispatch;Transportation;0;0;0;15.97;0;0
2019;Transportation and dispatch;Transportation;0;0;0;11.65;0;0
2019;Transportation and dispatch;Transportation;0;0;0;7.5;0;0
2019;Transportation and dispatch;Transportation;0;0;0;11.26;0;0
2020;Transportation and dispatch;Transportation;0;0;0;12.02;0;0
2020;Transportation and dispatch;Transportation;0;0;0;11.38;0;0
2020;Transportation and dispatch;Transportation;0;0;0;0;0;20.58
2020;Transportation and dispatch;Transportation;0;0;0;0;0;22.95
2020;Transportation and dispatch;Transportation;0;0;0;0;0;61.83
2020;Transportation and dispatch;Transportation;0;0;0;0;0;37.46
2020;Transportation and dispatch;Transportation;0;0;0;0;0;26.09
2020;Transportation and dispatch;Transportation;0;0;0;0;0;26.25
2021;Transportation and dispatch;Transportation;0;0;0;20.83;0;0
2021;Transportation and dispatch;Transportation;0;0;0;0;0;46.56
2019;Amanda Selfie;Improvement;4080;0;0;0;0;0
2019;Amanda Selfie;Improvement;4080;0;0;0;0;0
2019;Amanda Selfie;Improvement;4080;0;0;0;0;0
2019;Amanda Selfie;Improvement;4080;0;0;0;0;0
2019;Amanda Selfie;Improvement;4080;0;0;0;0;0
2019;Amanda Selfie;Improvement;4080;0;0;0;0;0
2020;Amanda Selfie;Improvement;7200;0;0;0;0;0
2020;Amanda Selfie;Improvement;3600;0;0;0;0;0
2020;Amanda Selfie;Improvement;3600;0;0;0;0;0
2021;Amanda Selfie;Improvement;2160;0;0;0;0;0
2021;Amanda Selfie;Improvement;2160;0;0;0;0;0
2021;Amanda Selfie;Improvement;2160;0;0;0;0;0
2021;Amanda Selfie;Improvement;2160;0;0;0;0;0
2021;Amanda Selfie;Improvement;7800;0;0;0;0;0
2019;Amanda Selfie;Development;26000;0;0;0;0;0
2019;Amanda Selfie;Development;22800;0;0;0;0;0
2019;Amanda Selfie;Development;12200;0;0;0;0;0
2019;Amanda Selfie;Development;31000;0;0;0;0;0
2019;Amanda Selfie;Development;12000;0;0;0;0;0
2020;Amanda Selfie;Development;12000;0;0;0;0;0
2020;Amanda Selfie;Development;12000;0;0;0;0;0
2021;Amanda Selfie;Hosting;999;0;0;0;0;0
2021;Amanda Selfie;Hosting;999;0;0;0;0;0
2021;Amanda Selfie;Hosting;999;0;0;0;0;0
2021;Amanda Selfie;Hosting;1200;0;0;0;0;0
2021;Amanda Selfie;Hosting;999;0;0;0;0;0
2020;Amanda Selfie;Hosting;999;0;0;0;0;0
2020;Amanda Selfie;Hosting;999;0;0;0;0;0
2020;Amanda Selfie;Hosting;2199;0;0;0;0;0
2020;Amanda Selfie;Hosting;999;0;0;0;0;0
2021;Amanda Selfie;Migration;3480;0;0;0;0;0
2019;Personnel;Illustrator;570.666666666667;570.666666666667;570.666666666667;570.666666666667;570.666666666667;570.666666666667
2020;Personnel;Illustrator;777.333333333333;777.333333333333;777.333333333333;777.333333333333;777.333333333333;777.333333333333
2020;Personnel;Illustrator;83.3333333333333;83.3333333333333;83.3333333333333;83.3333333333333;83.3333333333333;83.3333333333333
2021;Personnel;Illustrator;201.666666666667;201.666666666667;201.666666666667;201.666666666667;201.666666666667;201.666666666667
2020;Personnel;Content production;0;0;300;0;0;0
2020;Personnel;Content production;0;0;180;0;0;0
2020;Personnel;Content production;0;0;210;0;0;0
2021;Personnel;Content production;0;0;140;0;0;0
2021;Personnel;Content production;0;0;120;0;0;0
2021;Personnel;Content production;0;0;300;0;0;0
2021;Personnel;Content production;0;0;120;0;0;0
2021;Personnel;Content production;0;0;480;0;0;0
2021;Personnel;Content production;0;0;120;0;0;0
2021;Personnel;Content production;0;0;240;0;0;0
2021;Personnel;Content production;0;0;240;0;0;0
2021;Personnel;Content production;0;0;360;0;0;0
2021;Personnel;Content production;0;0;240;0;0;0
2021;Personnel;Content production;0;0;540;0;0;0
2021;Personnel;Content production;0;0;600;0;0;0
2021;Personnel;Content production;0;0;360;0;0;0
2019;Personnel;Language analyst;16170.41;0;0;0;0;0
2019;Personnel;Recruitment agent and peer-educators;0;1125;1125;2250;0;0
2020;Personnel;Recruitment agent and peer-educators;0;1125;1125;2250;0;0
2020;Personnel;Recruitment agent and peer-educators;0;1125;1125;2250;0;0
2020;Personnel;Recruitment agent and peer-educators;0;1500;1500;0;0;0
2020;Personnel;Recruitment agent and peer-educators;0;1500;1500;0;0;0
2020;Personnel;Recruitment agent and peer-educators;0;1500;1500;0;0;0
2020;Personnel;Recruitment agent and peer-educators;0;1000;1000;0;0;0
2020;Personnel;Recruitment agent and peer-educators;0;1000;1000;0;0;0
2020;Personnel;Recruitment agent and peer-educators;0;1000;1000;0;0;0
2021;Personnel;Recruitment agent and peer-educators;0;0;1100;0;0;0
2021;Personnel;Recruitment agent and peer-educators;0;0;1100;0;0;0
2021;Personnel;Recruitment agent and peer-educators;0;0;1100;0;0;0
2021;Personnel;Recruitment agent and peer-educators;0;0;1100;0;0;0
2020;Personnel;Recruitment agent and peer-educators;0;0;1100;0;0;0
2020;Personnel;Recruitment agent and peer-educators;0;0;1100;0;0;0
2020;Personnel;Recruitment agent and peer-educators;0;0;1100;0;0;0
2020;Personnel;Recruitment agent and peer-educators;0;0;1100;0;0;0
2020;Personnel;Recruitment agent and peer-educators;0;0;1100;0;0;0
2022;Personnel;Recruitment agent and peer-educators;0;0;0;1910;0;0
2019;Personnel;Recruitment agent and peer-educators;0;0;0;1910;0;0
2019;Personnel;Recruitment agent and peer-educators;0;0;0;1910;0;0
2020;Personnel;Recruitment agent and peer-educators;0;0;0;1910;0;0
2020;Personnel;Recruitment agent and peer-educators;0;0;0;1910;0;0
2020;Personnel;Recruitment agent and peer-educators;0;0;1910;0;0;0
2020;Personnel;Recruitment agent and peer-educators;0;0;1910;0;0;0
2020;Personnel;Recruitment agent and peer-educators;0;0;1910;0;0;0
2020;Personnel;Recruitment agent and peer-educators;0;0;1910;0;0;0
2020;Personnel;Recruitment agent and peer-educators;0;0;1910;0;0;0
2020;Personnel;Recruitment agent and peer-educators;0;0;1910;0;0;0
2020;Personnel;Recruitment agent and peer-educators;0;0;1910;0;0;0
2020;Personnel;Recruitment agent and peer-educators;0;0;1910;0;0;0
2020;Personnel;Recruitment agent and peer-educators;0;0;2101;0;0;0
2020;Personnel;Recruitment agent and peer-educators;0;0;2101;0;0;0
2021;Personnel;Recruitment agent and peer-educators;0;0;2101;0;0;0
2021;Personnel;Recruitment agent and peer-educators;0;0;2101;0;0;0
2021;Personnel;Recruitment agent and peer-educators;0;0;2101;0;0;0
2021;Personnel;Recruitment agent and peer-educators;0;0;2101;0;0;0
2021;Personnel;Recruitment agent and peer-educators;0;0;2101;0;0;0
2021;Personnel;Recruitment agent and peer-educators;0;0;2101;0;0;0
2019;Personnel;Prevention agent;0;0;0;500;0;0
2019;Personnel;Prevention agent;0;0;0;500;0;0
2019;Personnel;Prevention agent;0;0;0;500;0;0
2020;Personnel;Recruitment agent and peer-educators;0;825;0;275;0;0
2021;Personnel;Recruitment agent and peer-educators;0;825;0;275;0;0
2021;Personnel;Recruitment agent and peer-educators;0;975;0;325;0;0
2021;Personnel;Recruitment agent and peer-educators;0;975;0;325;0;0
2021;Personnel;Recruitment agent and peer-educators;0;975;0;325;0;0
2021;Personnel;Recruitment agent and peer-educators;0;975;0;325;0;0
2021;Personnel;Recruitment agent and peer-educators;0;975;0;325;0;0
2020;Personnel;Recruitment agent and peer-educators;0;1100;0;0;0;0
2020;Personnel;Recruitment agent and peer-educators;0;1100;0;0;0;0
2020;Personnel;Recruitment agent and peer-educators;0;1100;0;0;0;0
2020;Personnel;Recruitment agent and peer-educators;0;1100;0;0;0;0
2020;Personnel;Recruitment agent and peer-educators;0;1100;0;0;0;0
2021;Personnel;Recruitment agent and peer-educators;0;1100;0;0;0;0
2020;Personnel;Prevention agent;0;1100;0;0;0;0
2020;Personnel;Prevention agent;0;1100;0;0;0;0
2020;Personnel;Prevention agent;0;1100;0;0;0;0
2020;Personnel;Prevention agent;0;1100;0;0;0;0
2020;Personnel;Prevention agent;0;0;0;1100;0;0
2020;Personnel;Prevention agent;0;0;0;1000;0;0
2019;Personnel;Prevention agent;0;0;0;1000;0;0
2019;Personnel;Marketing;1125;0;0;0;0;375
2019;Personnel;Marketing;3150;0;0;0;0;1050
2019;Personnel;Marketing;3150;0;0;0;0;1050
2019;Personnel;Marketing;3150;0;0;0;0;1050
2019;Personnel;Marketing;3150;0;0;0;0;1050
2019;Personnel;Marketing;3150;0;0;0;0;1050
2019;Personnel;Marketing;0;0;0;0;0;4200
2019;Personnel;Marketing;0;0;0;0;0;4200
2018;Personnel;Marketing;0;0;0;0;0;4200
2018;Personnel;Marketing;0;0;0;0;0;4200
2019;Personnel;Writer;0;0;0;1910;0;0
2019;Personnel;Writer;0;0;0;1910;0;0
2019;Personnel;Writer;0;0;0;1910;0;0
2019;Personnel;Writer;0;0;0;1910;0;0
2019;Personnel;Writer;0;0;0;1910;0;0
2019;Personnel;Writer;0;0;0;1910;0;0
2019;Personnel;Writer;0;0;0;1910;0;0
2019;Personnel;Writer;0;0;0;1910;0;0
2019;Personnel;Writer;0;0;0;1910;0;0
2019;Personnel;Writer;0;0;0;1910;0;0
2019;Personnel;Writer;0;0;0;1910;0;0
2020;Personnel;Writer;0;0;0;1910;0;0
2020;Personnel;Writer;0;0;0;1910;0;0
2020;Personnel;Writer;0;0;0;1910;0;0
2020;Personnel;Writer;0;0;0;1910;0;0
2020;Personnel;Writer;0;0;0;1910;0;0
2020;Personnel;Writer;0;0;0;1910;0;0
2020;Personnel;Writer;0;0;0;1910;0;0
2020;Personnel;Writer;0;0;0;1910;0;0
2020;Personnel;Writer;0;0;0;1910;0;0
2020;Personnel;Writer;0;0;0;1910;0;0
2020;Personnel;Writer;0;0;0;1910;0;0
2020;Personnel;Writer;0;0;0;1752.43;0;0
2021;Personnel;Writer;0;0;0;1752.43;0;0
2021;Personnel;Writer;0;0;0;1910;0;0
2021;Personnel;Writer;0;0;0;1910;0;0
2021;Personnel;Writer;0;0;0;1910;0;0
2021;Personnel;Writer;0;0;0;1910;0;0
2021;Personnel;Writer;0;0;0;1910;0;0
2021;Personnel;Recruitment agent and peer-educators;0;1310;0;0;0;0
2021;Personnel;Recruitment agent and peer-educators;0;1310;0;0;0;0
2021;Personnel;Recruitment agent and peer-educators;0;1310;0;0;0;0
2021;Personnel;Recruitment agent and peer-educators;0;1310;0;0;0;0
2021;Personnel;Recruitment agent and peer-educators;0;1310;0;0;0;0
2019;Personnel;Prevention agent;0;0;0;1100;0;0
2019;Personnel;Prevention agent;0;0;0;1100;0;0
2020;Personnel;Prevention agent;0;0;0;1100;0;0
2020;Personnel;Prevention agent;0;1100;0;0;0;0
2020;Personnel;Prevention agent;0;1100;0;0;0;0
2020;Personnel;Prevention agent;0;1100;0;0;0;0
2020;Personnel;Prevention agent;0;1100;0;0;0;0
2020;Personnel;Prevention agent;0;1100;0;0;0;0
2020;Personnel;Prevention agent;0;1100;0;0;0;0
2020;Personnel;Prevention agent;0;1430;0;0;0;0
2020;Personnel;Prevention agent;0;1430;0;0;0;0
2020;Personnel;Prevention agent;0;1430;0;0;0;0
2020;Personnel;Prevention agent;0;1430;0;0;0;0
2020;Personnel;Prevention agent;0;1430;0;0;0;0
2021;Personnel;Prevention agent;0;1430;0;0;0;0
2021;Personnel;Prevention agent;0;1430;0;0;0;0
2021;Personnel;Prevention agent;0;1430;0;0;0;0
2021;Personnel;Prevention agent;0;1430;0;0;0;0
2021;Personnel;Prevention agent;0;1430;0;0;0;0
2021;Personnel;Prevention agent;0;1369.21;0;0;0;0
2019;Personnel;Marketing;1500;0;1500;0;0;0
2019;Personnel;Marketing;1500;0;1500;0;0;0
2020;Personnel;Marketing;1500;0;1500;0;0;0
2020;Personnel;Marketing;1500;0;1500;0;0;0
2020;Personnel;Marketing;1500;0;1500;0;0;0
2020;Personnel;Marketing;1500;0;1500;0;0;0
2020;Personnel;Marketing;1500;0;1500;0;0;0
2020;Personnel;Marketing;1500;0;1500;0;0;0
2020;Personnel;Marketing;1500;0;1500;0;0;0
2020;Personnel;Marketing;1500;0;1500;0;0;0
2020;Personnel;Marketing;1350;0;1500;150;0;0
2020;Personnel;Marketing;1350;0;1500;150;0;0
2020;Personnel;Marketing;1485;0;1650;165;0;0
2020;Personnel;Marketing;1485;0;1650;165;0;0
2021;Personnel;Marketing;1485;0;1650;165;0;0
2021;Personnel;Marketing;1485;0;1650;165;0;0
2021;Personnel;Marketing;1485;0;1650;165;0;0
2021;Personnel;Marketing;1485;0;1650;165;0;0
2021;Personnel;Marketing;1485;0;1650;165;0;0
2021;Personnel;Marketing;1485;0;1650;165;0;0
2021;Personnel;Prevention agent;0;1210;0;0;0;0
2021;Personnel;Prevention agent;0;1210;0;0;0;0
2020;Personnel;Prevention agent;0;1210;0;0;0;0
2020;Personnel;Prevention agent;0;1100;0;0;0;0
2020;Personnel;Prevention agent;0;1100;0;0;0;0
2020;Personnel;Prevention agent;0;1430;0;0;0;0
2020;Personnel;Prevention agent;0;1530;0;0;0;0
2020;Personnel;Prevention agent;0;1100;0;0;0;0
2020;Personnel;Prevention agent;0;1100;0;0;0;0
2020;Personnel;Prevention agent;0;1100;0;0;0;0
2020;Personnel;Prevention agent;0;1100;0;0;0;0
2020;Personnel;Prevention agent;0;1100;0;0;0;0
2020;Personnel;Prevention agent;0;0;0;1000;0;0
2020;Personnel;Prevention agent;0;0;0;1000;0;0
2019;Personnel;Prevention agent;0;0;0;1000;0;0
2019;Personnel;Prevention agent;0;0;0;500;0;0
2019;Personnel;Prevention agent;0;0;0;500;0;0
2019;Personnel;Prevention agent;0;0;0;500;0;0
2020;Personnel;Recruitment agent and peer-educators;0;0;0;1910;0;0
2020;Personnel;Recruitment agent and peer-educators;0;0;0;1910;0;0
2020;Personnel;Recruitment agent and peer-educators;0;0;0;1910;0;0
2020;Personnel;Recruitment agent and peer-educators;0;0;0;1910;0;0
2020;Personnel;Recruitment agent and peer-educators;0;0;0;1910;0;0
2021;Personnel;Recruitment agent and peer-educators;0;0;0;1910;0;0
2021;Personnel;Recruitment agent and peer-educators;0;0;0;1910;0;0
2021;Personnel;Recruitment agent and peer-educators;0;0;0;1910;0;0
2021;Personnel;Recruitment agent and peer-educators;0;0;0;1910;0;0
2021;Personnel;Recruitment agent and peer-educators;0;0;0;1910;0;0
2021;Personnel;Recruitment agent and peer-educators;0;0;0;1910;0;0
2019;Personnel;Prevention agent;0;0;0;500;0;0
2019;Personnel;Prevention agent;0;0;0;500;0;0
2019;Personnel;Prevention agent;0;0;0;500;0;0
2020;Personnel;Marketing;0;1650;1650;0;0;0
2020;Personnel;Marketing;0;1650;1650;0;0;0
2020;Personnel;Marketing;0;1650;1650;0;0;0
2020;Personnel;Marketing;0;1650;1650;0;0;0
2021;Personnel;Marketing;0;1650;330;1320;0;0
2021;Personnel;Marketing;0;1650;330;1320;0;0
2021;Personnel;Marketing;0;1650;330;1320;0;0
2021;Personnel;Marketing;0;1650;330;1320;0;0
2021;Personnel;Marketing;0;1815;363;1452;0;0
2021;Personnel;Marketing;0;2722.5;544.5;2178;0;0
2020;Personnel;Prevention agent;0;1100;0;0;0;0
2020;Personnel;Prevention agent;0;1100;0;0;0;0
2020;Personnel;Prevention agent;0;1100;0;0;0;0
2020;Personnel;Prevention agent;0;1100;0;0;0;0
2020;Personnel;Prevention agent;0;1100;0;0;0;0
2020;Personnel;Prevention agent;0;0;0;1100;0;0
2019;Personnel;Prevention agent;0;0;0;300;0;0
2019;Personnel;Prevention agent;0;0;0;300;0;0
2019;Personnel;Prevention agent;0;0;0;300;0;0
2020;Personnel;Recruitment agent and peer-educators;0;550;0;550;0;0
2020;Personnel;Recruitment agent and peer-educators;0;550;0;550;0;0
2020;Personnel;Recruitment agent and peer-educators;0;550;0;550;0;0
2020;Personnel;Recruitment agent and peer-educators;0;550;0;550;0;0
2020;Personnel;Recruitment agent and peer-educators;0;550;0;550;0;0
2021;Personnel;Recruitment agent and peer-educators;0;550;0;550;0;0
2021;Personnel;Recruitment agent and peer-educators;0;655;0;655;0;0
2021;Personnel;Recruitment agent and peer-educators;0;655;0;655;0;0
2021;Personnel;Recruitment agent and peer-educators;0;655;0;655;0;0
2021;Personnel;Recruitment agent and peer-educators;0;655;0;655;0;0
2021;Personnel;Recruitment agent and peer-educators;0;655;0;655;0;0
2020;Personnel;Prevention agent;0;1100;0;0;0;0
2020;Personnel;Prevention agent;0;1100;0;0;0;0
2020;Personnel;Prevention agent;0;1100;0;0;0;0
2020;Personnel;Prevention agent;0;550;550;0;0;0
2020;Personnel;Prevention agent;0;550;550;0;0;0
2020;Personnel;Prevention agent;0;550;550;0;0;0
2020;Personnel;Prevention agent;0;550;550;0;0;0
2020;Personnel;Prevention agent;0;550;550;0;0;0
2020;Personnel;Prevention agent;0;550;550;0;0;0
2020;Personnel;Prevention agent;0;550;550;0;0;0
2020;Personnel;Prevention agent;0;0;0;1100;0;0
2020;Personnel;Prevention agent;0;0;0;1000;0;0
2019;Personnel;Prevention agent;0;0;0;1000;0;0
2020;Personnel;Recruitment agent and peer-educators;0;550;0;550;0;0
2020;Personnel;Recruitment agent and peer-educators;0;550;0;550;0;0
2020;Personnel;Recruitment agent and peer-educators;0;550;0;550;0;0
2020;Personnel;Recruitment agent and peer-educators;0;550;0;550;0;0
2020;Personnel;Recruitment agent and peer-educators;0;550;0;550;0;0
2021;Personnel;Recruitment agent and peer-educators;0;550;0;550;0;0
2021;Personnel;Recruitment agent and peer-educators;0;655;0;655;0;0
2021;Personnel;Recruitment agent and peer-educators;0;655;0;655;0;0
2021;Personnel;Recruitment agent and peer-educators;0;655;0;655;0;0
2021;Personnel;Recruitment agent and peer-educators;0;655;0;655;0;0
2021;Personnel;Recruitment agent and peer-educators;0;655;0;655;0;0
2020;Personnel;Recruitment agent and peer-educators;0;1100;0;0;0;0
2020;Personnel;Recruitment agent and peer-educators;0;1100;0;0;0;0
2020;Personnel;Recruitment agent and peer-educators;0;1100;0;0;0;0
2020;Personnel;Recruitment agent and peer-educators;0;1100;0;0;0;0
2020;Personnel;Recruitment agent and peer-educators;0;1100;0;0;0;0
2021;Personnel;Recruitment agent and peer-educators;0;1100;0;0;0;0
2021;Personnel;Recruitment agent and peer-educators;0;1310;0;0;0;0
2021;Personnel;Recruitment agent and peer-educators;0;1310;0;0;0;0
2021;Personnel;Recruitment agent and peer-educators;0;1310;0;0;0;0
2021;Personnel;Recruitment agent and peer-educators;0;1310;0;0;0;0
2021;Personnel;Recruitment agent and peer-educators;0;1310;0;0;0;0
2020;Subscriptions and boosts;Social media;0;0;59.97;0;0;0
2020;Subscriptions and boosts;Social media;0;0;2.37;0;0;0
2020;Subscriptions and boosts;Social media;0;0;142.63;0;0;0
2020;Subscriptions and boosts;Social media;0;0;50.3;0;0;0
2020;Subscriptions and boosts;Social media;24.07;0;242.43;0;0;0
2020;Subscriptions and boosts;Social media;14.63;0;117.87;0;0;0
2020;Subscriptions and boosts;Social media;0;0;336.22;0;0;0
2020;Subscriptions and boosts;Social media;10.81;0;89.19;0;0;0
2020;Subscriptions and boosts;Social media;0;0;240;0;0;0
2020;Subscriptions and boosts;Social media;20.73;0;79.27;0;0;0
2020;Subscriptions and boosts;Social media;74.99;0;120.01;0;0;0
2020;Subscriptions and boosts;Social media;17.95;0;132.05;0;0;0
2020;Subscriptions and boosts;Social media;0;0;110;0;0;0
2020;Subscriptions and boosts;Social media;47.6;0;102.4;0;0;0
2020;Subscriptions and boosts;Social media;87.5;0;112.5;0;0;0
2020;Subscriptions and boosts;Social media;213.75;0;136.22;0;0;0
2020;Subscriptions and boosts;Social media;253.23;0;164.77;0;0;0
2021;Subscriptions and boosts;Social media;131.38;0;68.62;0;0;0
2021;Subscriptions and boosts;Social media;73.82;0;38.18;0;0;0
2021;Subscriptions and boosts;Social media;202.34;0;147.66;0;0;0
2021;Subscriptions and boosts;Social media;0;0;250;0;0;0
2021;Subscriptions and boosts;Social media;48.31;0;63.04;0;0;0
2021;Subscriptions and boosts;Social media;0;0;74.38;0;0;0
2021;Subscriptions and boosts;Social media;132.55;0;117.45;0;0;0
2021;Subscriptions and boosts;Social media;178.85;0;66.78;0;0;0
2021;Subscriptions and boosts;Social media;0;0;300;0;0;0
2021;Subscriptions and boosts;Social media;247.64;0;103.36;0;0;0
2021;Subscriptions and boosts;Social media;71.58;0;178.42;0;0;0
2021;Subscriptions and boosts;Social media;0;0;100;0;0;0
2021;Subscriptions and boosts;Social media;67.88;0;32.12;0;0;0
2021;Subscriptions and boosts;Social media;62.75;0;23.85;0;0;0
2021;Subscriptions and boosts;Social media;0;0;200;0;0;0
2021;Subscriptions and boosts;Social media;0;0;99.89;0;0;0
2021;Subscriptions and boosts;Social media;14.43;0;22.37;0;0;0
2021;Subscriptions and boosts;Social media;4.92;0;2.12;0;0;0
2021;Subscriptions and boosts;Social media;0;0;350;0;0;0
2021;Subscriptions and boosts;Social media;29.05;0;220.95;0;0;0
2021;Subscriptions and boosts;Social media;118.65;0;131.35;0;0;0
2021;Subscriptions and boosts;Social media;250;0;0;0;0;0
2021;Subscriptions and boosts;Social media;148.49;0;351.51;0;0;0
2021;Subscriptions and boosts;Social media;0;0;250;0;0;0
2021;Subscriptions and boosts;Social media;64.27;0;435.73;0;0;0
2021;Subscriptions and boosts;Social media;0;0;550;0;0;0
2019;Personnel;Counselor/nurse;0;0;0;0;9000;0
2019;Personnel;Counselor/nurse;0;0;0;0;30000;0
2019;Personnel;Counselor/nurse;0;0;0;0;3000;0
2019;Personnel;Receptionist;0;0;0;0;0;5512.42
2020;Personnel;Receptionist;0;0;0;0;0;5576.83
2021;Personnel;Receptionist;0;0;0;0;0;5686.5
0;0;0;0;0;0;0;0;0
0;0;0;0;0;0;0;0;0
0;0;0;0;0;0;0;0;0
0;0;0;0;0;0;0;0;0
0;0;0;0;0;0;0;0;0
0;0;0;0;0;0;0;0;0
0;0;0;0;0;0;0;0;0
0;0;0;0;0;0;0;0;0
0;0;0;0;0;0;0;0;0
0;0;0;0;0;0;0;0;0
0;0;0;0;0;0;0;0;0
0;0;0;0;0;0;0;0;0
0;0;0;0;0;0;0;0;0
0;0;0;0;0;0;0;0;0
0;0;0;0;0;0;0;0;0
0;0;0;0;0;0;0;0;0
0;0;0;0;0;0;0;0;0
0;0;0;0;0;0;0;0;0
0;0;0;0;0;0;0;0;0
0;0;0;0;0;0;0;0;0
0;0;0;0;0;0;0;0;0
0;0;0;0;0;0;0;0;0
0;0;0;0;0;0;0;0;0
0;0;0;0;0;0;0;0;0
0;0;0;0;0;0;0;0;0
0;0;0;0;0;0;0;0;0
0;0;0;0;0;0;0;0;0
0;0;0;0;0;0;0;0;0
0;0;0;0;0;0;0;0;0
0;0;0;0;0;0;0;0;0
0;0;0;0;0;0;0;0;0
0;0;0;0;0;0;0;0;0
0;0;0;0;0;0;0;0;0
0;0;0;0;0;0;0;0;0
0;0;0;0;0;0;0;0;0
0;0;0;0;0;0;0;0;0
0;0;0;0;0;0;0;0;0
0;0;0;0;0;0;0;0;0
0;0;0;0;0;0;0;0;0
0;0;0;0;0;0;0;0;0
